-- MySQL dump 10.13  Distrib 8.0.19, for Win64 (x86_64)
--
-- Host: localhost    Database: csit115
-- ------------------------------------------------------
-- Server version	8.0.19

/*!40101 SET @OLD_CHARACTER_SET_CLIENT=@@CHARACTER_SET_CLIENT */;
/*!40101 SET @OLD_CHARACTER_SET_RESULTS=@@CHARACTER_SET_RESULTS */;
/*!40101 SET @OLD_COLLATION_CONNECTION=@@COLLATION_CONNECTION */;
/*!50503 SET NAMES utf8mb4 */;
/*!40103 SET @OLD_TIME_ZONE=@@TIME_ZONE */;
/*!40103 SET TIME_ZONE='+00:00' */;
/*!40014 SET @OLD_UNIQUE_CHECKS=@@UNIQUE_CHECKS, UNIQUE_CHECKS=0 */;
/*!40014 SET @OLD_FOREIGN_KEY_CHECKS=@@FOREIGN_KEY_CHECKS, FOREIGN_KEY_CHECKS=0 */;
/*!40101 SET @OLD_SQL_MODE=@@SQL_MODE, SQL_MODE='NO_AUTO_VALUE_ON_ZERO' */;
/*!40111 SET @OLD_SQL_NOTES=@@SQL_NOTES, SQL_NOTES=0 */;

--
-- Table structure for table `located`
--

DROP TABLE IF EXISTS `located`;
/*!40101 SET @saved_cs_client     = @@character_set_client */;
/*!50503 SET character_set_client = utf8mb4 */;
CREATE TABLE `located` (
  `PUB` varchar(30) NOT NULL,
  `STREET` varchar(30) NOT NULL,
  `BLDG_NO` decimal(4,0) NOT NULL,
  PRIMARY KEY (`PUB`)
) ENGINE=InnoDB DEFAULT CHARSET=utf8mb4 COLLATE=utf8mb4_0900_ai_ci;
/*!40101 SET character_set_client = @saved_cs_client */;

--
-- Dumping data for table `located`
--

LOCK TABLES `located` WRITE;
/*!40000 ALTER TABLE `located` DISABLE KEYS */;
INSERT INTO `located` VALUES ('CAPTAIN MOORE','KING ST.',45),('GREASY FORK','VICTORIA AVE.',345),('LAZY LOBSTER','STATION ST.',45),('LITTLE PIRATE','OXFORD ST.',345),('LONG JOHN','STATION ST.',89),('RED DOG','KING ST.',150),('WILD CAT','STATION ST.',90);
/*!40000 ALTER TABLE `located` ENABLE KEYS */;
UNLOCK TABLES;

--
-- Table structure for table `serves`
--

DROP TABLE IF EXISTS `serves`;
/*!40101 SET @saved_cs_client     = @@character_set_client */;
/*!50503 SET character_set_client = utf8mb4 */;
CREATE TABLE `serves` (
  `PUB` varchar(30) NOT NULL,
  `DRINK` varchar(30) NOT NULL,
  `PRICE` decimal(5,2) NOT NULL,
  PRIMARY KEY (`PUB`,`DRINK`),
  KEY `SERVES_FKEY2` (`DRINK`),
  CONSTRAINT `SERVES_FKEY1` FOREIGN KEY (`PUB`) REFERENCES `located` (`PUB`),
  CONSTRAINT `SERVES_FKEY2` FOREIGN KEY (`DRINK`) REFERENCES `alldrinks` (`DRINK`)
) ENGINE=InnoDB DEFAULT CHARSET=utf8mb4 COLLATE=utf8mb4_0900_ai_ci;
/*!40101 SET character_set_client = @saved_cs_client */;

--
-- Dumping data for table `serves`
--

LOCK TABLES `serves` WRITE;
/*!40000 ALTER TABLE `serves` DISABLE KEYS */;
INSERT INTO `serves` VALUES ('CAPTAIN MOORE','BEER',4.50),('GREASY FORK','BEER',5.20),('GREASY FORK','RED WINE',7.40),('LAZY LOBSTER','BEER',5.00),('LAZY LOBSTER','COGNAC',10.20),('LAZY LOBSTER','PORT',8.00),('LAZY LOBSTER','RED WINE',7.00),('LAZY LOBSTER','WHISKY',6.90),('LITTLE PIRATE','BEER',4.50),('LITTLE PIRATE','CHAMPAGNE',10.90),('LITTLE PIRATE','RED WINE',7.90),('LITTLE PIRATE','RUM',12.00),('LITTLE PIRATE','VODKA',5.25),('LITTLE PIRATE','WHISKY',10.80),('LITTLE PIRATE','WHITE WINE',5.40),('LONG JOHN','BEER',5.90),('LONG JOHN','COGNAC',12.90),('LONG JOHN','PORT',9.35),('LONG JOHN','RED WINE',8.00),('LONG JOHN','VODKA',6.00),('LONG JOHN','WHISKY',7.15),('LONG JOHN','WHITE WINE',9.00),('RED DOG','BEER',4.50),('RED DOG','COGNAC',11.20),('RED DOG','PORT',8.20),('RED DOG','RED WINE',6.80),('RED DOG','WHISKY',7.90),('WILD CAT','RUM',5.50),('WILD CAT','YABTSOK',5.50);
/*!40000 ALTER TABLE `serves` ENABLE KEYS */;
UNLOCK TABLES;

--
-- Table structure for table `orders`
--

DROP TABLE IF EXISTS `orders`;
/*!40101 SET @saved_cs_client     = @@character_set_client */;
/*!50503 SET character_set_client = utf8mb4 */;
CREATE TABLE `orders` (
  `DRINKER` varchar(30) NOT NULL,
  `PUB` varchar(30) NOT NULL,
  `ODATE` date NOT NULL,
  `DRINK` varchar(30) NOT NULL,
  `DRINK_NO` decimal(2,0) NOT NULL,
  PRIMARY KEY (`DRINKER`,`PUB`,`ODATE`,`DRINK`,`DRINK_NO`),
  KEY `ORDERS_FKEY1` (`PUB`,`DRINK`),
  CONSTRAINT `ORDERS_FKEY1` FOREIGN KEY (`PUB`, `DRINK`) REFERENCES `serves` (`PUB`, `DRINK`),
  CONSTRAINT `ORDERS_FKEY2` FOREIGN KEY (`DRINKER`) REFERENCES `drinkers` (`DRINKER`)
) ENGINE=InnoDB DEFAULT CHARSET=utf8mb4 COLLATE=utf8mb4_0900_ai_ci;
/*!40101 SET character_set_client = @saved_cs_client */;

--
-- Dumping data for table `orders`
--

LOCK TABLES `orders` WRITE;
/*!40000 ALTER TABLE `orders` DISABLE KEYS */;
INSERT INTO `orders` VALUES ('JANUSZ','CAPTAIN MOORE','2020-01-18','BEER',1),('JANUSZ','CAPTAIN MOORE','2020-01-18','BEER',2),('JANUSZ','CAPTAIN MOORE','2020-01-18','BEER',3),('JANUSZ','CAPTAIN MOORE','2020-01-18','BEER',4),('JANUSZ','CAPTAIN MOORE','2020-02-01','BEER',1),('JANUSZ','CAPTAIN MOORE','2020-02-05','BEER',1),('JOHN','CAPTAIN MOORE','2020-04-15','BEER',1),('MARY','CAPTAIN MOORE','2020-03-03','BEER',1),('CLAUDE','GREASY FORK','2020-01-19','BEER',1),('CLAUDE','GREASY FORK','2020-04-20','BEER',1),('JANUSZ','GREASY FORK','2020-01-17','BEER',1),('JANUSZ','GREASY FORK','2020-02-03','BEER',1),('JANUSZ','GREASY FORK','2020-02-15','BEER',1),('MARY','GREASY FORK','2020-04-24','BEER',1),('PETER','GREASY FORK','2020-03-03','BEER',1),('SERGIEY','GREASY FORK','2020-01-14','BEER',1),('JAMES','LAZY LOBSTER','2020-02-04','COGNAC',1),('JAMES','LAZY LOBSTER','2020-02-04','COGNAC',2),('JAMES','LAZY LOBSTER','2020-02-04','COGNAC',3),('JANUSZ','LAZY LOBSTER','2020-01-15','PORT',1),('JANUSZ','LAZY LOBSTER','2020-01-19','PORT',1),('JANUSZ','LAZY LOBSTER','2020-01-19','PORT',2),('JANUSZ','LAZY LOBSTER','2020-01-19','PORT',3),('JANUSZ','LAZY LOBSTER','2020-02-02','PORT',1),('JANUSZ','LAZY LOBSTER','2020-02-04','PORT',1),('JANUSZ','LAZY LOBSTER','2020-02-06','PORT',1),('JANUSZ','LAZY LOBSTER','2020-02-19','PORT',1),('JANUSZ','LAZY LOBSTER','2020-02-20','PORT',1),('JANUSZ','LAZY LOBSTER','2020-02-22','PORT',1),('JANUSZ','LAZY LOBSTER','2020-03-01','PORT',1),('JANUSZ','LAZY LOBSTER','2020-03-03','PORT',1),('JANUSZ','LAZY LOBSTER','2020-03-04','PORT',1),('JANUSZ','LAZY LOBSTER','2020-03-05','PORT',1),('JANUSZ','LAZY LOBSTER','2020-04-01','PORT',1),('JANUSZ','LAZY LOBSTER','2020-05-02','PORT',1),('JANUSZ','LAZY LOBSTER','2020-05-03','PORT',1),('JANUSZ','LAZY LOBSTER','2020-05-04','PORT',1),('JANUSZ','LAZY LOBSTER','2020-06-01','PORT',1),('JANUSZ','LAZY LOBSTER','2020-06-02','PORT',1),('PETER','LAZY LOBSTER','2020-02-09','PORT',1),('CLAUDE','LAZY LOBSTER','2020-04-04','RED WINE',1),('CLAUDE','LAZY LOBSTER','2020-04-05','RED WINE',1),('CLAUDE','LAZY LOBSTER','2020-04-19','RED WINE',1),('JOHN','LAZY LOBSTER','2020-02-04','RED WINE',1),('JOHN','LAZY LOBSTER','2020-02-04','RED WINE',2),('JOHN','LAZY LOBSTER','2020-02-04','RED WINE',3),('MARY','LAZY LOBSTER','2020-02-04','RED WINE',1),('JANUSZ','LAZY LOBSTER','2020-01-16','WHISKY',1),('SERGIEY','LAZY LOBSTER','2020-01-12','WHISKY',1),('SERGIEY','LAZY LOBSTER','2020-01-12','WHISKY',2),('SERGIEY','LAZY LOBSTER','2020-03-03','WHISKY',1),('SERGIEY','LAZY LOBSTER','2020-03-09','WHISKY',1),('JAMES','LITTLE PIRATE','2020-03-03','BEER',1),('JANUSZ','LITTLE PIRATE','2020-02-16','CHAMPAGNE',1),('JANUSZ','LITTLE PIRATE','2020-02-17','CHAMPAGNE',1),('SERGIEY','LITTLE PIRATE','2020-04-04','VODKA',1),('JAMES','LONG JOHN','2020-01-10','BEER',1),('JAMES','LONG JOHN','2020-03-03','BEER',1),('JANUSZ','LONG JOHN','2020-01-08','BEER',1),('JANUSZ','LONG JOHN','2020-01-08','BEER',2),('JANUSZ','LONG JOHN','2020-01-10','BEER',1),('JANUSZ','LONG JOHN','2020-01-10','BEER',2),('JANUSZ','LONG JOHN','2020-01-10','BEER',3),('JANUSZ','LONG JOHN','2020-01-12','BEER',1),('JANUSZ','LONG JOHN','2020-01-13','BEER',1),('JANUSZ','LONG JOHN','2020-06-08','BEER',1),('JANUSZ','LONG JOHN','2020-06-09','BEER',1),('JANUSZ','LONG JOHN','2020-06-10','BEER',1),('JANUSZ','LONG JOHN','2020-06-11','BEER',1),('JANUSZ','LONG JOHN','2020-07-12','BEER',1),('JANUSZ','LONG JOHN','2020-07-13','BEER',1),('JANUSZ','LONG JOHN','2020-08-14','BEER',1),('PETER','LONG JOHN','2020-04-19','BEER',1),('PETER','LONG JOHN','2020-04-19','BEER',2),('PETER','LONG JOHN','2020-04-19','BEER',3),('PETER','LONG JOHN','2020-04-19','BEER',4),('PETER','LONG JOHN','2020-04-19','BEER',5),('PETER','LONG JOHN','2020-04-19','BEER',6),('PETER','LONG JOHN','2020-04-19','BEER',7),('SERGIEY','LONG JOHN','2020-01-10','BEER',1),('SERGIEY','LONG JOHN','2020-01-10','BEER',2),('SERGIEY','LONG JOHN','2020-01-10','BEER',3),('SERGIEY','LONG JOHN','2020-01-12','BEER',1),('SERGIEY','LONG JOHN','2020-01-12','BEER',2),('SERGIEY','LONG JOHN','2020-01-12','BEER',3),('SERGIEY','LONG JOHN','2020-02-04','BEER',1),('SERGIEY','LONG JOHN','2020-02-06','BEER',1),('SERGIEY','LONG JOHN','2020-02-23','BEER',1),('CLAUDE','LONG JOHN','2020-01-15','RED WINE',2),('CLAUDE','LONG JOHN','2020-04-19','RED WINE',1),('JANUSZ','LONG JOHN','2020-01-09','RED WINE',1),('JANUSZ','LONG JOHN','2020-01-14','RED WINE',1),('JANUSZ','LONG JOHN','2020-01-14','RED WINE',2),('JOHN','LONG JOHN','2020-02-12','RED WINE',2),('JOHN','LONG JOHN','2020-02-12','RED WINE',4),('JOHN','LONG JOHN','2020-02-12','RED WINE',6),('JOHN','LONG JOHN','2020-04-04','RED WINE',1),('MARY','LONG JOHN','2020-01-10','RED WINE',1),('MARY','LONG JOHN','2020-04-05','RED WINE',1),('PETER','LONG JOHN','2020-01-11','RED WINE',1),('CLAUDE','LONG JOHN','2020-01-10','WHITE WINE',1),('CLAUDE','LONG JOHN','2020-01-12','WHITE WINE',1),('CLAUDE','LONG JOHN','2020-01-12','WHITE WINE',2),('CLAUDE','LONG JOHN','2020-01-12','WHITE WINE',3),('CLAUDE','LONG JOHN','2020-01-12','WHITE WINE',4),('CLAUDE','LONG JOHN','2020-01-15','WHITE WINE',1),('CLAUDE','LONG JOHN','2020-04-12','WHITE WINE',1),('CLAUDE','LONG JOHN','2020-04-15','WHITE WINE',1),('CLAUDE','LONG JOHN','2020-04-16','WHITE WINE',1),('CLAUDE','LONG JOHN','2020-04-17','WHITE WINE',1),('JANUSZ','LONG JOHN','2020-01-11','WHITE WINE',1),('JANUSZ','LONG JOHN','2020-01-14','WHITE WINE',3),('JOHN','LONG JOHN','2020-01-13','WHITE WINE',1),('JOHN','LONG JOHN','2020-02-12','WHITE WINE',1),('JOHN','LONG JOHN','2020-02-12','WHITE WINE',3),('JOHN','LONG JOHN','2020-02-12','WHITE WINE',5),('JOHN','LONG JOHN','2020-03-03','WHITE WINE',1),('PETER','LONG JOHN','2020-01-10','WHITE WINE',1),('PETER','LONG JOHN','2020-01-10','WHITE WINE',2),('PETER','LONG JOHN','2020-01-10','WHITE WINE',3),('PETER','LONG JOHN','2020-01-10','WHITE WINE',4),('PETER','LONG JOHN','2020-01-10','WHITE WINE',5),('PETER','RED DOG','2019-12-05','PORT',1),('MARY','RED DOG','2019-12-10','RED WINE',1),('MARY','WILD CAT','2019-12-04','RUM',1),('PETER','WILD CAT','2019-11-03','RUM',1);
/*!40000 ALTER TABLE `orders` ENABLE KEYS */;
UNLOCK TABLES;
/*!40103 SET TIME_ZONE=@OLD_TIME_ZONE */;

/*!40101 SET SQL_MODE=@OLD_SQL_MODE */;
/*!40014 SET FOREIGN_KEY_CHECKS=@OLD_FOREIGN_KEY_CHECKS */;
/*!40014 SET UNIQUE_CHECKS=@OLD_UNIQUE_CHECKS */;
/*!40101 SET CHARACTER_SET_CLIENT=@OLD_CHARACTER_SET_CLIENT */;
/*!40101 SET CHARACTER_SET_RESULTS=@OLD_CHARACTER_SET_RESULTS */;
/*!40101 SET COLLATION_CONNECTION=@OLD_COLLATION_CONNECTION */;
/*!40111 SET SQL_NOTES=@OLD_SQL_NOTES */;

-- Dump completed on 2020-05-30 19:49:37
